{"_runtime": 67, "_timestamp": 1644070987, "conf_table": {"_type": "table-file", "path": "media/table/conf_table_33_64d53b227faa1d9af28f.table.json", "sha256": "64d53b227faa1d9af28f0039b25e56adeb64e665247c693173315a44082c2d85", "size": 182, "artifact_path": "wandb-client-artifact://7vdwxitx9y1ldf72h5qtrzt6eor44br49lh3jdi3ckcv9im7ratmmxam9yziubctvrmezvsqvo8bekp83skdu4cuggdbb8vhwlaqcbpvof7z8d0gw0omo36srsjy4zyg:latest/conf_table.table.json", "_latest_artifact_path": "wandb-client-artifact://7vdwxitx9y1ldf72h5qtrzt6eor44br49lh3jdi3ckcv9im7ratmmxam9yziubctvrmezvsqvo8bekp83skdu4cuggdbb8vhwlaqcbpvof7z8d0gw0omo36srsjy4zyg:latest/conf_table.table.json", "ncols": 3, "nrows": 4}, "_step": 35, "examples": {"_type": "table-file", "path": "media/table/examples_34_91f6e347e7ecd02507aa.table.json", "sha256": "91f6e347e7ecd02507aaae308eae951941a1290f1e97d62b6d4de16dc22ad454", "size": 1253, "artifact_path": "wandb-client-artifact://n4vvh37519qi1gv101t81qxqa77fvyo5bvjpqhcl7hlyd9rtk1jt5n4kbpvxls2vphy568xwsdr257rufiz7mud2h2fc7euvto4ck5914ptuv9dkccrindghsyr6hi2g:latest/examples.table.json", "_latest_artifact_path": "wandb-client-artifact://n4vvh37519qi1gv101t81qxqa77fvyo5bvjpqhcl7hlyd9rtk1jt5n4kbpvxls2vphy568xwsdr257rufiz7mud2h2fc7euvto4ck5914ptuv9dkccrindghsyr6hi2g:latest/examples.table.json", "ncols": 3, "nrows": 20}, "global_step": 133, "train/loss_step": 0.5270498991012573, "train/acc_step": 0.796875, "epoch": 0, "trainer/global_step": 133, "train/loss_epoch": 0.6200418472290039, "train/acc_epoch": 0.6905624866485596, "valid/loss_step/epoch_0": 0.47136688232421875, "valid/loss_epoch": 0.6220272183418274, "valid/acc": 0.6912751793861389, "valid/precision_macro": 0.34563758969306946, "valid/recall_macro": 0.5, "valid/precision_micro": 0.6912751793861389, "valid/recall_micro": 0.6912751793861389, "valid/f1": 0.6912751793861389, "_wandb": {"runtime": 68}}