{"_runtime": 50, "_timestamp": 1644086509, "conf_table": {"_type": "table-file", "path": "media/table/conf_table_33_64d53b227faa1d9af28f.table.json", "sha256": "64d53b227faa1d9af28f0039b25e56adeb64e665247c693173315a44082c2d85", "size": 182, "artifact_path": "wandb-client-artifact://j4hq7uclsfo7d3nah4k3o44e4yrfxmje546ogkxvtn940hb0os393evcy86p8dhk8hlsak1ohuws9vlmqysjyrmolcwa5cm9e4ponklxssa6izvnlz24lfnt280goyor:latest/conf_table.table.json", "_latest_artifact_path": "wandb-client-artifact://j4hq7uclsfo7d3nah4k3o44e4yrfxmje546ogkxvtn940hb0os393evcy86p8dhk8hlsak1ohuws9vlmqysjyrmolcwa5cm9e4ponklxssa6izvnlz24lfnt280goyor:latest/conf_table.table.json", "ncols": 3, "nrows": 4}, "_step": 35, "examples": {"_type": "table-file", "path": "media/table/examples_34_91f6e347e7ecd02507aa.table.json", "sha256": "91f6e347e7ecd02507aaae308eae951941a1290f1e97d62b6d4de16dc22ad454", "size": 1253, "artifact_path": "wandb-client-artifact://jufvga8250kjzqive68fzw4yxmj22zb6d9wd8upzofyjflfuqh8y5ey86evjd5rptjyxxq1tzd2bg35kr2svnxzbxptq5h7o1rpurg76kp1518wlvrjcazbv5wkmjs06:latest/examples.table.json", "_latest_artifact_path": "wandb-client-artifact://jufvga8250kjzqive68fzw4yxmj22zb6d9wd8upzofyjflfuqh8y5ey86evjd5rptjyxxq1tzd2bg35kr2svnxzbxptq5h7o1rpurg76kp1518wlvrjcazbv5wkmjs06:latest/examples.table.json", "ncols": 3, "nrows": 20}, "global_step": 133, "train/loss_step": 0.6057919859886169, "train/acc_step": 0.703125, "epoch": 0, "trainer/global_step": 133, "train/loss_epoch": 0.6140259504318237, "train/acc_epoch": 0.7022570371627808, "valid/loss_step/epoch_0": 0.4865638315677643, "valid/loss_epoch": 0.6171491742134094, "valid/acc": 0.6912751793861389, "valid/precision_macro": 0.34563758969306946, "valid/recall_macro": 0.5, "valid/precision_micro": 0.6912751793861389, "valid/recall_micro": 0.6912751793861389, "valid/f1": 0.6912751793861389, "_wandb": {"runtime": 52}}